{
  "project_info": {
    "project_number": "7941996264",
    "project_id": "matrimonialapp-b54a9",
    "storage_bucket": "matrimonialapp-b54a9.appspot.com"
  },
  "client": [
    {
      "client_info": {
        "mobilesdk_app_id": "1:7941996264:android:27ba9aaefd3da8bd4e535d",
        "android_client_info": {
          "package_name": "com.example.matrimonial_app"
        }
      },
      "oauth_client": [
        {
          "client_id": "7941996264-ul01erte6sbv9i1470cupo26hnt14t2a.apps.googleusercontent.com",
          "client_type": 1,
          "android_info": {
            "package_name": "com.example.matrimonial_app",
            "certificate_hash": "8a83c1c624f9e5fd322db0be6f256151663f33fd"
          }
        },
        {
          "client_id": "7941996264-0qoa035s1g9dar3fdd181im0hfvn2pkg.apps.googleusercontent.com",
          "client_type": 3
        }
      ],
      "api_key": [
        {
          "current_key": "AIzaSyC3_53w1bIUBcZ-oZ9G-TiygI1FJAZQeiU"
        }
      ],
      "services": {
        "appinvite_service": {
          "other_platform_oauth_client": [
            {
              "client_id": "7941996264-0qoa035s1g9dar3fdd181im0hfvn2pkg.apps.googleusercontent.com",
              "client_type": 3
            }
          ]
        }
      }
    }
  ],
  "configuration_version": "1"
}